oa_temp,oa_radiation,zone_temp,zone_clg_tstat,zone_occ
28.1,0.0,28.144780362372792,29.60571445127933,0.0
26.9,0.0,27.86490259141766,27.85595153449124,0.0
25.6,0.0,26.868182611029667,26.789267873576293,0.0
24.4,0.0,23.35496997771224,23.24814912353949,0.0
23.3,36.0,23.25469794916126,23.247956162689626,0.0
26.1,401.0,22.511228429886955,22.4646688973456,0.0
29.4,595.0,25.36467561225447,28.92940916619948,0.0
32.8,574.0,26.712482724773785,26.80892009394567,0.0
32.8,538.0,27.584103973186267,27.66458062236836,0.0
35.0,200.0,22.585222562870868,22.16467595436642,0.0
36.1,759.0,25.97340393378731,29.75927881729596,0.0
37.8,636.0,27.69147277576962,28.659541126403376,0.0
39.4,686.0,23.85218676645497,23.69871288542621,0.0
39.4,803.0,23.499189744846436,23.454599737656807,0.0
38.9,763.0,23.46906474281929,23.46723607882747,0.0
39.4,745.0,24.41303481574243,24.433937943676305,0.0
38.3,625.0,26.174085535369983,26.198051453057904,0.0
37.2,332.0,25.460005767280343,25.455560149136925,0.0
35.6,0.0,24.33605219742308,24.329833121584336,0.0
34.4,0.0,26.755453815827124,26.89482315777904,0.0
33.9,0.0,23.24230654222355,23.115950885216336,0.0
31.7,0.0,24.31019019389666,24.337157188281743,0.0
30.6,0.0,24.908073937288588,24.930894746349534,0.0
29.4,0.0,25.62685570213821,25.64855987373629,0.0
27.2,0.0,27.37534382352763,28.28140769114411,0.0
26.1,0.0,23.696123664419986,23.59739025726688,0.0
25.6,0.0,25.93657663545218,26.113875507308894,0.0
25.0,0.0,26.60772372400104,26.73931655089634,0.0
25.0,112.0,22.487438681000494,22.371603301759983,0.0
27.8,530.0,25.296767906375944,26.860358815211505,0.1
30.6,760.0,23.39235262776965,23.36419298949833,0.2
33.3,801.0,22.53348895765544,22.52041274388224,0.95
35.6,855.0,26.322459436597484,29.591084298026665,0.95
36.1,838.0,28.160410035247228,29.725056264596475,0.95
37.8,831.0,28.462941091714377,28.46717878493169,0.95
39.4,844.0,24.60381806002233,24.436910153386965,0.5
39.4,749.0,23.81262712224733,22.78137691205108,0.95
40.0,617.0,27.287022156344182,27.47386421209725,0.95
39.4,587.0,25.560114947681065,25.52121994991681,0.95
38.9,815.0,23.98379043761879,22.976305878758232,0.95
38.9,240.0,25.91140282648851,25.96141528089016,0.3
36.1,204.0,22.575810467778677,22.275108168921747,0.1
34.4,0.0,26.41175250448735,29.274563216630256,0.1
32.8,0.0,24.122556938673764,24.07023985280013,0.05
31.7,0.0,26.95848633858024,27.300178274831858,0.05
31.1,0.0,24.536987266851373,24.49368860871529,0.05
30.6,0.0,26.1173580255938,26.160544169422487,0.05
29.4,0.0,26.345227834607996,26.37368223474624,0.0
27.2,0.0,23.588991376436795,23.478835644204217,0.0
25.6,0.0,26.210403852130725,29.75667702211647,0.0
26.7,0.0,27.159727323230666,28.20106258688892,0.0
25.6,0.0,27.47144470443277,29.51599153251352,0.0
25.0,80.0,27.603170050670528,29.15861880342119,0.0
28.3,476.0,26.838159192356247,26.78319983048868,0.1
30.6,679.0,28.00756283252399,29.37499388018493,0.2
32.8,781.0,23.19407246786342,22.70794001641536,0.95
34.4,838.0,23.5677421043305,23.56786289935316,0.95
35.6,816.0,22.502709718050244,22.361818311284303,0.95
36.7,874.0,24.59069376370088,24.60264264610612,0.95
38.9,803.0,25.103322888734347,25.109418317515857,0.5
39.4,576.0,24.17702822152115,24.170792254191166,0.95
40.0,585.0,27.794946989019884,28.629900073215435,0.95
38.9,600.0,24.955886321605018,24.854026613548715,0.95
39.4,383.0,24.26335723462756,24.247476077499044,0.95
37.8,318.0,26.310610067589927,26.34156866526599,0.3
37.2,241.0,23.264875868906103,23.1273937997981,0.1
35.6,0.0,26.88728268350997,28.41757584603232,0.1
34.4,0.0,22.90105996215285,22.59640514943817,0.05
33.3,0.0,26.34902295270493,29.89509549280414,0.05
33.3,0.0,27.88422194883765,28.177958154373258,0.05
31.7,0.0,23.76790024564525,23.589725452273377,0.05
31.1,0.0,22.498530603316134,22.04417693698882,0.0
30.0,0.0,25.858355379852668,28.52369142763868,0.0
28.9,0.0,27.051555219580614,27.65485875078094,0.0
27.8,0.0,27.52674826947425,27.8320573443279,0.0
27.2,0.0,27.68832782984493,28.170162773487565,0.0
28.3,1.0,22.790166552712304,22.592357213872724,0.0
27.2,57.0,24.78552194197903,24.86772582835418,0.0
30.6,239.0,23.054813613353605,22.92695247620104,0.0
30.0,185.0,25.87441819266409,28.90482740700475,0.0
31.7,195.0,26.932070269002708,26.986385014620463,0.0
33.3,348.0,24.66865335346021,24.6471841988212,0.0
35.0,113.0,22.59428616789133,22.50846680228819,0.0
34.4,7.0,24.410560475031303,24.487858573725298,0.0
34.4,13.0,24.556271003619894,24.601466576213976,0.0
35.0,10.0,27.302530138426,27.83684942670451,0.0
34.4,423.0,27.137998065279888,27.100459770841702,0.0
35.0,555.0,28.769329765269987,29.09770194061061,0.0
35.6,482.0,25.856360998558173,25.777719401295595,0.0
35.6,137.0,23.12234338057293,22.95675396750641,0.0
33.9,0.0,26.55073238175919,27.70595829778396,0.0
32.8,0.0,27.845389828438712,28.08628038893518,0.0
31.7,0.0,26.5070500775683,26.49021758055597,0.0
31.1,0.0,27.99619074836017,28.16773743963649,0.0
31.1,0.0,26.045040523622863,25.95036477091513,0.0
30.6,0.0,26.170619992915245,26.18186263505596,0.0
30.0,0.0,25.493813408080733,25.4203281468684,0.0
28.3,0.0,22.34091657927365,22.20335301395276,0.0
27.8,0.0,22.808908955779813,22.86313141594644,0.0
27.8,0.0,22.352651162725262,22.25143348549388,0.0
27.8,0.0,25.314412931967865,27.091283290110244,0.0
29.4,97.0,24.58481964212077,24.51484784861061,0.1
29.4,66.0,26.025202882373925,26.068565529317624,0.2
33.3,199.0,28.082429003221183,29.260531791408745,0.95
32.8,37.0,24.245287789703124,23.994337833191,0.95
33.9,300.0,25.20504036580177,25.28306338428504,0.95
35.6,579.0,27.869236850892133,28.04440910834439,0.95
36.7,541.0,24.074791343644527,23.83038532393298,0.5
38.3,697.0,23.65953370042847,22.615839278630343,0.95
37.8,269.0,24.310946479489655,24.318011623310145,0.95
39.4,385.0,23.35663219956079,23.289770298032035,0.95
37.8,155.0,27.622483808076847,29.437581218740583,0.95
37.8,159.0,28.45715829912012,28.464963036515336,0.3
37.2,157.0,27.083287945796588,27.06723005208339,0.1
36.1,0.0,28.83502022674024,28.97168472150174,0.1
35.6,0.0,28.43218058293659,28.429376615192915,0.05
33.9,0.0,23.71281074196567,23.49256047108829,0.05
32.8,0.0,27.080659349932933,29.140471987919824,0.05
31.7,0.0,26.34637667604258,26.314737935325205,0.05
31.7,0.0,28.14331227804037,28.4595212413125,0.0
30.6,0.0,28.627862823964403,29.168730399387947,0.0
30.0,0.0,24.639720227340035,24.54402779977491,0.0
28.9,0.0,22.979935235154034,22.880415396221416,0.0
27.2,0.0,23.77820829063781,23.823481300335533,0.0
26.7,60.0,25.314160442839583,25.41686230901005,0.0
28.3,271.0,26.99349244086071,28.544118127379942,0.1
31.7,628.0,27.677568779742145,28.885844666050748,0.2
32.8,240.0,22.99210214648528,22.055617044249527,0.95
34.4,479.0,25.975985454834124,26.085978420620528,0.95
36.1,908.0,25.341401726549748,25.339288025190232,0.95
37.2,513.0,23.82437900164649,23.776862483765843,0.95
38.9,666.0,23.381403230873104,22.958922938669463,0.5
38.9,653.0,24.69409130249952,24.700921371229025,0.95
41.1,785.0,28.67199185199845,29.54327763130016,0.95
40.6,749.0,25.128498232327363,24.58562345616604,0.95
40.0,498.0,26.13728854927682,26.15032497394693,0.95
38.9,479.0,27.61238001384133,27.62415167116142,0.3
37.8,436.0,24.967116475213825,24.909036819034352,0.1
36.7,0.0,28.13348018479011,29.774256661767687,0.1
35.6,0.0,29.21681886322314,29.69957835953689,0.05
35.0,0.0,24.32543993734317,24.01425836660292,0.05
31.1,0.0,25.928422865760027,25.977988047139085,0.05
29.4,0.0,24.440942425397324,24.40702647853416,0.05
28.9,0.0,24.283162833449307,24.278723955019743,0.0
28.3,0.0,22.49570659914078,22.29509557883626,0.0
27.8,0.0,25.82412717989388,26.87651467183917,0.0
26.7,0.0,26.000451839377742,26.021432185830893,0.0
26.7,0.0,22.507961226460694,22.41183000999992,0.0
25.6,17.0,24.136407114485166,24.22917171389289,0.0
26.7,337.0,26.29977185582822,29.26612708773323,0.1
29.4,629.0,23.978009007482804,23.91649512533578,0.1
31.1,428.0,23.162774550865432,23.159158976729785,0.3
33.3,699.0,25.775311538419277,25.915622082220505,0.3
34.4,747.0,27.818736951536277,29.885203632884807,0.3
36.7,770.0,24.136819175725627,23.936442172092004,0.3
37.2,659.0,26.94643389201321,27.37708437924703,0.1
38.9,780.0,27.94946738789511,28.09295692262974,0.1
38.9,726.0,24.05200124360498,23.9011003519392,0.1
39.4,690.0,27.233406170709923,27.82573078889488,0.1
38.9,562.0,24.99073344394799,24.942265061754025,0.1
38.3,317.0,26.997088660302985,27.058446644748635,0.0
36.7,101.0,27.067673427701724,27.06823768608716,0.0
29.4,0.0,26.290921240535297,26.28619747259807,0.0
28.9,0.0,22.967017409217164,22.722318160435265,0.0
28.3,0.0,26.245625151223923,28.682419964713905,0.0
28.3,0.0,24.594611720536022,24.566240519773885,0.0
28.3,0.0,23.528632945307837,23.492148083198835,0.0
26.7,0.0,22.37560755477756,22.32620113243811,0.0
26.1,0.0,25.455280568326817,26.72714354550593,0.0
26.7,0.0,26.571671217441896,27.42051489473826,0.0
26.1,0.0,22.316834332716518,22.13270263142285,0.0
26.1,0.0,25.15693938114547,26.09674446639425,0.0
25.6,53.0,23.94057640704813,23.811966201583505,0.0
26.1,147.0,25.711393854727024,27.1613823232756,0.0
28.3,100.0,23.474399737308318,23.39493143203993,0.0
29.4,362.0,25.77229619126886,27.52750190481973,0.0
33.3,510.0,25.09790967087758,25.0938827704043,0.0
35.6,787.0,27.161734412558133,29.493839909893875,0.0
36.7,838.0,23.393007019593565,23.100167553167942,0.0
37.8,817.0,24.717204506546903,24.72853080840207,0.0
38.9,823.0,22.93696063061897,22.907788169924714,0.0
40.0,705.0,26.283287230404813,29.397548946228504,0.0
40.0,766.0,27.759289296818903,29.018714827047848,0.0
39.4,782.0,24.189792111458395,24.063533021721245,0.0
38.9,698.0,27.054186204988007,27.27987236827343,0.0
37.8,292.0,28.389867692712983,28.53777760160973,0.0
33.9,0.0,26.45287584831573,26.4416064927957,0.0
28.9,0.0,26.238213680062863,26.23720462684805,0.0
27.2,0.0,23.97344820003857,23.93481832720361,0.0
27.2,0.0,22.77129933864267,22.744822142447195,0.0
26.7,0.0,25.83615037921302,29.17772606362661,0.0
26.7,0.0,27.056356329065917,29.20334445730664,0.0
26.1,0.0,27.06119651605576,27.064811658186144,0.0
26.1,0.0,24.880034978422582,24.712238328389606,0.0
25.6,0.0,24.768287858664053,24.793676596901285,0.0
25.0,0.0,26.553578802266607,27.80764543096192,0.0
25.0,32.0,26.984655060165142,29.17688207962062,0.0
25.6,250.0,27.150138062627548,29.09669139412094,0.1
29.4,171.0,27.472934212594687,28.23900436686099,0.2
31.7,678.0,27.138460250482822,27.1362531692343,0.95
32.8,844.0,22.9980005239274,22.67311971996039,0.95
34.4,826.0,23.292407931851997,23.293029712756912,0.95
36.7,924.0,26.971990851116058,29.18843350821664,0.95
37.8,844.0,26.850903497865573,26.85143247727672,0.5
38.9,672.0,22.60899739486305,22.07357641293304,0.95
39.4,473.0,23.34146559964133,22.811772342928258,0.95
40.0,688.0,27.06310002515574,27.308014152864445,0.95
36.7,148.0,23.71995879330562,22.04049267076975,0.95
27.8,348.0,23.287718158833812,23.28646441133999,0.3
25.6,38.0,26.17839442283313,26.38987031493269,0.1
23.9,0.0,27.41791501577815,27.535161581541544,0.1
23.9,0.0,27.21651940616559,27.21569007602081,0.05
23.9,0.0,23.84992982945696,23.79415447568448,0.05
23.3,0.0,26.268290799481743,27.69743377078029,0.05
23.9,0.0,23.98163341216559,23.8979926999744,0.05
22.8,0.0,24.48797837899375,24.603197585274145,0.0
22.8,0.0,26.22839749627401,27.9719312409442,0.0
22.8,0.0,26.682777368404917,27.19706319237772,0.0
22.2,0.0,26.81876641708892,28.793787283953424,0.0
22.8,0.0,26.79164430303448,27.260903138402742,0.0
22.2,19.0,26.60699305215136,26.54646882668377,0.0
25.0,313.0,22.86679800097814,22.74939814262474,0.1
27.2,593.0,24.868612037579464,24.94172642447547,0.2
30.0,743.0,24.12563097941052,24.121618941453804,0.95
31.7,861.0,23.95204688608027,23.951917147032667,0.95
32.8,844.0,26.956099681530425,29.78408443801957,0.95
33.3,816.0,25.163171706141927,25.144781797334083,0.95
35.0,882.0,27.803019661059917,29.136372441416903,0.5
37.2,895.0,27.05415798359576,27.049109007978103,0.95
37.8,577.0,28.330271809906765,28.358490428333187,0.95
37.8,535.0,26.088597771476465,26.021096744841536,0.95
37.8,636.0,26.60116864335214,26.615231077010872,0.95
32.8,342.0,25.95062715625747,25.940141550550912,0.3
30.0,130.0,23.653607915275657,23.56194390238436,0.1
27.2,0.0,26.731652428197577,27.779616922092043,0.1
21.7,0.0,24.28771144376504,24.246178899526846,0.05
22.2,0.0,22.28860245045731,22.19452773145163,0.05
22.2,0.0,25.35639976156443,27.163778367257343,0.05
22.2,0.0,23.48358674999456,23.41688543525639,0.05
21.7,0.0,25.678806032009785,29.52366867482332,0.0
21.7,0.0,26.40159496123063,29.6314286160207,0.0
22.2,0.0,26.6314546300926,29.318915121763588,0.0
22.2,0.0,25.043602811991853,24.961269602043554,0.0
21.7,0.0,22.228943931319165,22.12365293223094,0.0
21.7,119.0,24.721730470721194,29.4265485007018,0.0
23.3,558.0,25.301438980133632,25.425473186538515,0.1
25.0,749.0,26.22879544237316,29.73323855234936,0.2
26.7,755.0,27.31090922751152,29.70895981671402,0.95
29.4,498.0,27.865674774982747,28.82407564373888,0.95
30.6,383.0,24.496120815755177,24.355591136556686,0.95
31.7,719.0,25.07677321317977,25.080781828815404,0.95
33.9,766.0,27.83277404773616,28.809093372134853,0.5
35.0,660.0,24.63397284037076,24.53537604125022,0.95
35.0,720.0,23.506167935448754,23.35594197348874,0.95
36.1,668.0,26.37863909259257,26.4544100996668,0.95
35.6,623.0,28.960082804843008,29.489238193286248,0.95
35.6,496.0,27.610441225890597,27.568238373399783,0.3
33.3,205.0,26.568151476902628,26.56048936071492,0.1
32.2,0.0,23.052349472395814,22.777411950166147,0.1
31.1,0.0,26.297184212742717,26.92005781359336,0.05
30.0,0.0,27.6948735193683,29.920430800834104,0.05
28.3,0.0,23.32115862531229,23.12067212189219,0.05
27.2,0.0,25.952619167667244,26.14663721890989,0.05
26.7,0.0,27.184751135930888,29.018984575423644,0.0
26.1,0.0,27.502828620016658,27.926148942033635,0.0
25.0,0.0,27.57061102754188,27.576125927962146,0.0
25.0,0.0,27.575999396437336,27.619872671896875,0.0
23.9,0.0,25.00875006178376,24.87592920975804,0.0
23.3,0.0,24.408203684368814,24.348734754115945,0.0
24.4,467.0,26.175310418174217,28.47488924382811,0.1
27.8,384.0,26.92324559116548,28.48090715743345,0.2
30.0,662.0,28.15895627549068,28.93657854864083,0.95
31.7,808.0,28.761639925992014,29.30592442045177,0.95
33.9,880.0,26.14709478519991,26.090739190887504,0.95
35.0,856.0,26.01230501405433,26.0121303574976,0.95
36.1,852.0,28.236881793403008,28.3863614317342,0.5
37.2,829.0,27.2220331865859,27.19971144622212,0.95
38.3,821.0,27.57691358904666,27.615735018061628,0.95
38.3,780.0,28.28253442681645,28.366341355488807,0.95
38.3,701.0,29.07266075495866,29.12004273454053,0.95
37.2,659.0,24.86934569443575,24.703961254812285,0.3
36.1,391.0,25.004237939360717,25.00466362111955,0.1
34.4,0.0,23.18523668579681,22.751855518726952,0.1
33.3,0.0,26.413164369203464,26.6262411279694,0.05
32.2,0.0,22.481490585490185,22.287538190373937,0.05
31.7,0.0,25.59078154297513,25.72478414505968,0.05
27.8,0.0,26.309341223559272,26.34115707766061,0.05
26.7,0.0,24.340283034339866,24.29233001702628,0.0
26.1,0.0,26.47546388396148,26.72666608455209,0.0
25.6,0.0,22.383302241293748,22.244001999512395,0.0
24.4,0.0,22.302835181238912,22.29878550999372,0.0
24.4,0.0,25.11854013980768,28.580804485277262,0.0
25.0,0.0,24.897201276543747,24.881525131290104,0.0
25.6,38.0,23.208499952063303,23.01648410121508,0.1
26.1,23.0,25.481330507670275,26.177946080438435,0.2
27.8,339.0,27.249092191819983,28.159948424788887,0.95
29.4,300.0,23.872291665259866,23.726568219974745,0.95
32.2,112.0,26.770580278595013,26.983123806552,0.95
35.0,115.0,22.8910306167532,22.682779719950144,0.95
38.3,51.0,22.743856830212454,22.413453769348862,0.5
37.8,193.0,26.123577452109597,26.250837052545183,0.95
40.0,77.0,26.323399654900683,26.32508097288085,0.95
37.2,163.0,27.06973476457289,27.09943921198565,0.95
37.2,220.0,27.59949745683363,27.80873066978129,0.95
36.7,468.0,29.42016368591663,29.80681663570028,0.3
36.1,479.0,26.20156823110625,26.13040278640956,0.1
33.9,0.0,24.60030170148846,24.58365178352997,0.1
31.7,0.0,27.43276305510541,28.36148955814963,0.05
30.0,0.0,24.254068220836743,24.1666580100966,0.05
28.9,0.0,25.49640312110009,25.51177136564509,0.05
27.2,0.0,22.709640090711627,22.627651050738127,0.05
26.1,0.0,22.215379092567087,22.20280594732366,0.0
26.1,0.0,25.336726269192383,29.7011873174234,0.0
26.1,0.0,26.477716565739264,28.68784096409765,0.0
25.0,0.0,26.8922015359534,27.567793648749586,0.0
24.4,0.0,25.38135705346885,25.27162355531416,0.0
23.9,0.0,23.52109896201909,23.386354560566765,0.0
25.6,346.0,23.28524155618887,23.25149634136869,0.1
27.8,480.0,23.989223210303752,24.00194318531676,0.1
32.2,700.0,26.167163431170778,26.393813317648963,0.3
35.0,897.0,27.28044974355693,27.71676738160049,0.3
36.7,916.0,27.28133441114685,27.28157901374185,0.3
37.8,941.0,24.310020537737262,24.239471175567544,0.3
38.9,866.0,26.934221554839592,29.63892224530555,0.1
40.6,850.0,27.865452364421586,27.903175333566143,0.1
41.1,745.0,26.528230148763377,26.434832420091205,0.1
40.6,740.0,26.85939032011656,26.893765969874817,0.1
39.4,591.0,25.46533992765166,25.35680049942232,0.1
38.9,477.0,24.005620195856007,23.98184791600925,0.0
38.9,310.0,24.842933927145847,24.84778142921009,0.0
37.2,0.0,27.75611673509157,28.062768883714952,0.0
35.0,0.0,23.281656430449285,22.115147909038047,0.0
33.3,0.0,22.933444840250303,22.92858112405533,0.0
31.7,0.0,22.376401748080823,22.368021136174026,0.0
29.4,0.0,22.32681804195648,22.32583041855176,0.0
28.3,0.0,25.510795686488628,28.84368467208806,0.0
26.7,0.0,26.735593784574625,27.62926287504019,0.0
25.6,0.0,25.824578467426523,25.793390632698603,0.0
24.4,0.0,22.89813567370998,22.782673285208013,0.0
22.8,0.0,25.377234856180205,25.93292700093465,0.0
23.3,0.0,25.75226173110969,25.787774166244525,0.0
26.7,547.0,23.557242413616628,23.38561495928012,0.0
30.0,742.0,25.355819968293517,25.470813193903783,0.0
32.8,840.0,25.18832729725648,25.18803787517899,0.0
35.6,896.0,26.774414994930307,26.926800784417733,0.0
37.2,926.0,27.07979001164578,27.08074920694115,0.0
38.9,940.0,22.646299497515145,22.362432078176354,0.0
39.4,929.0,24.93974419937836,24.99690091701177,0.0
40.6,916.0,26.89081686312963,27.00687932571389,0.0
41.7,912.0,26.037706284930664,26.0250900686407,0.0
41.1,883.0,28.301423788370847,28.85191872950658,0.0
41.1,767.0,27.284262761138912,27.26954905295156,0.0
41.1,755.0,23.51950772955213,23.30347541665144,0.0
38.9,492.0,23.2530768709306,22.56454997920344,0.0
37.2,0.0,26.80473687140031,27.139354225650525,0.0
36.1,0.0,22.677931458347697,22.21209048433297,0.0
33.9,0.0,26.100663819724115,26.686204650187705,0.0
32.2,0.0,27.581270176488864,29.52184193139966,0.0
30.6,0.0,26.623732255515524,26.60379342300704,0.0
29.4,0.0,25.15076711573925,25.105359409652173,0.0
27.8,0.0,27.03868642861257,27.146305747538825,0.0
26.7,0.0,25.715972848780385,25.66602312393213,0.0
25.6,0.0,26.32277543183329,26.36493431452748,0.0
24.4,0.0,27.44920190466369,29.5317184702122,0.0
22.8,0.0,25.152475856209108,25.0888211024062,0.0
25.6,494.0,26.81240281235384,29.689524510591312,0.1
29.4,395.0,27.529466863036937,29.24280513564851,0.2
33.3,751.0,23.723664863924757,23.56632907831437,0.95
35.6,629.0,23.08330172894287,22.554890407001324,0.95
36.7,750.0,22.81258616518965,22.806224011019413,0.95
38.3,756.0,22.621505789770147,22.1457746052124,0.95
40.0,832.0,22.75466252030848,22.755543686047428,0.5
40.6,813.0,26.986319535855245,27.464054187330856,0.95
41.1,711.0,23.616735299893392,22.56950918768183,0.95
41.1,704.0,24.50387949260104,24.55180504235009,0.95
41.1,789.0,28.329729136570677,28.75900248775564,0.95
40.0,615.0,24.177059620250077,22.186175485886608,0.3
38.9,119.0,27.377396314887843,28.515747860711485,0.1
37.2,0.0,24.379338717551796,24.2548381981872,0.1
36.1,0.0,23.112643506256973,22.94531862097325,0.05
33.9,0.0,26.64990028882898,27.573897322913204,0.05
32.8,0.0,27.018792563511827,27.03154277423907,0.05
32.2,0.0,28.56068944349748,29.019776108216423,0.05
30.6,0.0,27.91714429083969,27.880568350431087,0.0
30.0,0.0,28.408401916631668,28.42784744307879,0.0
28.3,0.0,24.35278455432298,24.25627658057045,0.0
27.2,0.0,23.472296878859005,23.41951635023778,0.0
28.3,0.0,26.220097298940065,28.00491801312687,0.0
27.2,0.0,27.297061338719143,28.45467791413812,0.0
27.8,159.0,27.64469059593188,29.924041136005386,0.1
30.0,575.0,25.389288632720167,25.30094141529141,0.2
32.2,197.0,24.978552052692272,24.976144686342263,0.95
34.4,401.0,27.95221877276204,28.21130368593597,0.95
35.6,787.0,24.82616391016317,24.72642832202414,0.95
36.1,686.0,28.15499445920757,29.44605860482852,0.95
37.2,687.0,28.858085248308768,28.86730201474409,0.5
37.8,286.0,25.531984031323585,25.431952219000145,0.95
37.2,449.0,27.954722677446817,28.00696854233198,0.95
38.9,477.0,28.02080356899021,28.03634299267745,0.95
37.8,433.0,24.249193076744536,22.82499095068746,0.95
36.7,63.0,27.921957369306128,29.22042325343653,0.3
36.1,28.0,26.057796133244874,26.042018979582856,0.1
35.6,0.0,28.45883253371205,28.61165972886193,0.1
33.3,0.0,24.69377653196784,24.560396808244896,0.05
26.1,0.0,27.743858868576027,29.164185827969604,0.05
23.3,0.0,25.146507869761408,25.113613429873304,0.05
23.3,0.0,22.90494307782605,22.08670121184239,0.05
23.9,0.0,26.028747867651973,29.24305581135411,0.0
23.9,0.0,22.82069324022057,22.73029341428907,0.0
23.9,0.0,24.4603432221257,24.55450910072332,0.0
23.3,0.0,26.48365044805487,29.60049573640644,0.0
23.9,0.0,26.970808244102244,29.60485717550045,0.0
24.4,0.0,26.648858632667224,26.58750310498629,0.0
25.0,44.0,26.84830440901996,27.054697697358392,0.1
25.0,3.0,25.72474372290415,25.58756417582656,0.2
28.3,192.0,24.372191328122963,24.34568617358452,0.95
30.0,219.0,24.62838592298431,24.62931636295933,0.95
32.8,474.0,27.209048394106414,27.38014764861631,0.95
33.9,474.0,28.00984714858556,28.01899623550144,0.95
33.9,500.0,28.33091680660007,28.332632349806783,0.5
33.9,487.0,28.317083867102845,28.31694514235643,0.95
36.1,714.0,23.254875846619544,22.72964882438952,0.95
35.6,408.0,25.90447432536851,25.95536243762065,0.95
36.1,127.0,23.015440753339306,22.46047008013316,0.95
34.4,149.0,26.247889412694832,26.396231058589883,0.3
33.3,15.0,25.53712993041532,25.53224401098701,0.1
21.7,0.0,28.007593706544583,29.1016334620664,0.1
20.6,0.0,24.88503009186217,24.80732010041663,0.05
21.1,0.0,22.98220607693025,22.936536131420848,0.05
21.7,0.0,23.13850511614124,23.143933456422687,0.05
22.2,0.0,25.660270949061296,28.09208505373978,0.05
21.7,0.0,26.513166519118155,26.94574450653009,0.0
21.1,0.0,22.89115771247079,22.808981408982323,0.0
21.7,0.0,22.69503108383316,22.672854448919978,0.0
21.7,0.0,25.004960395722406,27.60775305167296,0.0
21.1,0.0,22.664972556619063,22.58210405091355,0.0
22.2,0.0,24.69008114174904,28.57488047432285,0.0
22.2,155.0,25.53928051212239,27.64993781725197,0.1
23.9,349.0,22.7551850041757,22.6507902451352,0.2
26.1,702.0,22.67888957839945,22.678701712681537,0.95
27.8,355.0,25.71270776859724,29.8931166280094,0.95
28.3,301.0,24.99693999987528,24.99416636604896,0.95
28.9,634.0,24.96527177086016,24.965137176535126,0.95
32.2,428.0,27.460449123030266,28.50239653806002,0.5
33.9,816.0,28.2454945267623,29.57798861907087,0.95
35.6,804.0,28.901659718203064,29.888008510582967,0.95
35.0,766.0,28.05713403390978,28.027025482071533,0.95
35.6,776.0,25.1047496533764,25.010076684247327,0.95
35.6,623.0,23.528181306504283,22.66800573358935,0.3
34.4,397.0,26.658258403015356,28.217175327419493,0.1
32.8,0.0,26.467106773703215,26.46723399788644,0.1
31.7,0.0,25.399735315295658,25.39377607397581,0.05
27.8,0.0,27.56154865160112,29.250835080757888,0.05
22.2,0.0,23.12759385031445,22.88957985844921,0.05
21.7,0.0,25.707418038482924,25.94100083432687,0.05
21.7,0.0,22.192309248483955,22.09082915813936,0.0
22.2,0.0,25.047899214279276,25.74928513595301,0.0
22.8,0.0,22.541496334408457,22.450426205454697,0.0
22.8,0.0,22.87875918633971,22.950543330144576,0.0
22.8,0.0,22.926160827376677,22.94020997421684,0.0
22.8,0.0,24.943742138630373,27.19368241692851,0.0
23.3,26.0,25.64518707630625,27.968359034123388,0.1
25.6,104.0,26.11028471354808,26.66695012077728,0.2
28.3,88.0,27.26479797215748,29.697380387796336,0.95
30.0,454.0,25.03268045846932,24.99896463618964,0.95
30.6,351.0,24.287968514335105,24.285696690254888,0.95
33.9,377.0,27.28042232517126,28.948793025515684,0.95
34.4,777.0,23.90267163929872,23.78876670815562,0.5
35.6,676.0,27.133560552237533,29.70578031552489,0.95
36.7,576.0,23.38313618829816,22.09723579751853,0.95
35.6,373.0,27.004051692692528,29.75903061366111,0.95
33.9,42.0,23.362479390233897,22.34527929560461,0.95
33.9,94.0,26.616542402455664,29.129144909584568,0.3
32.8,72.0,26.224494272283373,26.2216088726904,0.1
31.7,0.0,28.06964100510712,29.943718368954404,0.1
30.6,0.0,23.22385128387591,22.59037251788319,0.05
29.4,0.0,26.08362692474074,26.430834275210564,0.05
27.8,0.0,27.427707599178035,29.7544202849528,0.05
28.3,0.0,26.216645696235435,26.18478275336119,0.05
27.8,0.0,26.91031419300672,27.0351891050821,0.0
26.7,0.0,27.45514313224445,27.565989511876936,0.0
25.6,0.0,25.756428306116057,25.636328518142182,0.0
25.6,0.0,26.881711669913937,27.020464640672508,0.0
25.0,0.0,26.803412782866875,26.6745144953848,0.0
25.0,0.0,27.255204226298588,29.20926408392792,0.0
25.0,30.0,22.638201740911903,22.363571042731664,0.1
26.7,149.0,24.16280645822727,24.24770551673784,0.1
29.4,373.0,26.50612387852116,29.60329187261247,0.3
31.7,561.0,27.43321155556921,29.12211027112733,0.3
33.9,730.0,25.6613655791094,25.645254022285705,0.3
35.6,708.0,26.93429495606875,26.961060782412293,0.3
36.1,771.0,24.26307368329005,24.21904946384906,0.1
36.1,637.0,23.51394360889152,23.50496927779009,0.1
29.4,197.0,25.65539895477982,25.70958723951985,0.1
31.7,169.0,24.828563964869637,24.826817824208423,0.1
34.4,369.0,26.58093571824587,26.669248894806977,0.1
32.2,232.0,22.774919001691483,22.62187709571988,0.0
31.1,90.0,26.042470270596898,29.795158461329333,0.0
29.4,0.0,27.36117654145516,29.889685955836825,0.0
28.3,0.0,27.581152622844225,27.585293712157963,0.0
26.7,0.0,26.305933331036226,26.288770930752964,0.0
26.1,0.0,24.51853917398361,24.476220930290623,0.0
26.7,0.0,26.481871002177645,28.51036015765559,0.0
24.4,0.0,27.141323347737824,27.477849380431035,0.0
24.4,0.0,23.386032065897,23.30093551475913,0.0
24.4,0.0,25.653787538237577,29.28741747595074,0.0
23.9,0.0,26.349422601450836,28.58029794338536,0.0
22.8,0.0,26.635467443304314,29.59839930633539,0.0
22.2,0.0,26.594804257740925,27.80575606710688,0.0
26.7,509.0,26.546572341725746,26.90732156748632,0.0
30.0,734.0,25.359891959848238,25.34594429032495,0.0
32.2,853.0,26.85169832041089,29.461827866832103,0.0
33.9,907.0,27.37094905268773,28.928511116003268,0.0
35.6,930.0,22.771162777509343,22.361749360849515,0.0
35.6,952.0,22.219255638408956,22.210935795978017,0.0
37.8,954.0,24.894431179857875,25.0117069350244,0.0
38.9,954.0,27.376425692005668,28.48442664625466,0.0
38.9,941.0,27.87160469737985,29.89820903451956,0.0
38.9,914.0,23.4312800794699,23.203335128828225,0.0
40.0,855.0,26.503502474059957,26.75304572281708,0.0
38.9,573.0,25.062085226489486,25.047126853048173,0.0
37.8,236.0,27.933674436848328,29.759315182516826,0.0
34.4,0.0,28.45578682482409,28.736951385085668,0.0
33.3,0.0,28.567337660767123,28.706629637689105,0.0
31.7,0.0,25.77741987208778,25.74954527835976,0.0
29.4,0.0,25.32729562365168,25.31855601870132,0.0
27.8,0.0,24.21294388953213,24.18725657544565,0.0
26.7,0.0,22.497917554475222,22.451003973207417,0.0
25.6,0.0,25.606949718991743,28.917779010040427,0.0
25.6,0.0,26.76885459710117,28.50320807304062,0.0
25.0,0.0,27.15719583130544,29.997741386289043,0.0
24.4,0.0,27.29931937130637,29.973094696591243,0.0
23.9,0.0,26.50048898950857,26.44345364482102,0.0
26.1,479.0,27.20514004935457,28.151899321444084,0.1
28.9,703.0,27.520681832432075,29.558125839059425,0.2
30.6,812.0,28.57206809889128,28.79717912541929,0.95
33.3,864.0,24.341254813334405,23.97878481394558,0.95
35.6,905.0,25.58704155201181,25.60435308248075,0.95
36.1,916.0,23.2069938263831,23.03327532121196,0.95
37.8,910.0,26.937814357949964,29.632408218069777,0.5
38.3,821.0,26.847419245723504,26.84939707560704,0.95
38.9,820.0,23.9434660118688,23.829142444027703,0.95
38.3,477.0,27.241456672619808,27.37360547524685,0.95
35.0,86.0,26.94946101152291,26.945025923663167,0.95
36.7,66.0,24.912749646504405,24.865301744262723,0.3
36.7,66.0,23.566453461409548,22.908460737597032,0.1
33.3,0.0,27.023841532402493,27.3725855647424,0.1
32.8,0.0,26.16634617758192,26.162461607230348,0.05
31.7,0.0,28.001688720891057,28.178547133885115,0.05
30.6,0.0,26.20135068173261,26.161308008895947,0.05
29.4,0.0,28.083233894429085,28.81745200254832,0.05
28.3,0.0,26.488375318697337,26.415254710195885,0.0
27.2,0.0,26.48839133365822,26.48750377228309,0.0
26.7,0.0,27.814764921929303,29.01322882126676,0.0
26.1,0.0,25.2974117154813,25.22786292969917,0.0
25.6,0.0,23.171245498664604,23.072121827605127,0.0
25.0,0.0,22.3307073984588,22.23026141050672,0.0
26.7,530.0,25.229369699820676,28.04109804538896,0.1
30.0,763.0,26.7314204904744,26.96247641082772,0.2
31.7,852.0,27.61377970690415,27.632638144793788,0.95
32.8,900.0,23.91306792713336,23.703713292071285,0.95
33.9,907.0,23.19561734296416,23.09097180469416,0.95
35.6,936.0,22.77164631310392,22.116357325343056,0.95
38.3,939.0,24.77814287436441,24.804700470452776,0.5
39.4,937.0,26.682939156089315,26.719341494837064,0.95
39.4,853.0,25.30967070682356,25.137952360797858,0.95
40.6,659.0,25.4900487094736,25.499799376189834,0.95
40.6,404.0,28.89107930612826,29.233269555949988,0.95
37.2,217.0,24.993804731863865,24.786043736186404,0.3
27.2,27.0,26.10809688386808,26.111915913278487,0.1
23.3,0.0,28.00575744342661,28.269224101929144,0.1
23.9,0.0,25.22034732136412,25.17234225857016,0.05
23.9,0.0,26.9104813037104,26.976693601822987,0.05
25.6,0.0,27.90312414440665,28.89890966997396,0.05
27.2,0.0,28.15358372694644,29.596164989261137,0.05
26.7,0.0,23.41719828142237,23.1765878474323,0.0
25.6,0.0,26.21941052057952,29.41270100129196,0.0
24.4,0.0,25.95797715064997,25.936930344636306,0.0
23.9,0.0,24.1960736914342,24.065955106391662,0.0
23.9,0.0,25.585234147914683,25.67308604990609,0.0
23.9,0.0,26.694514146518458,29.840260602283816,0.0
25.6,78.0,26.007597334612605,25.94094475194296,0.1
26.7,481.0,24.67201802120441,24.630012882300065,0.2
30.0,689.0,26.921217144729106,27.06720683453381,0.95
31.7,800.0,24.0221417502034,23.921164950225545,0.95
33.9,706.0,22.94442725508397,22.60690662486931,0.95
36.1,660.0,23.03089267247769,23.031037775285192,0.95
37.2,861.0,23.024272371991923,23.02436671166218,0.5
38.3,816.0,23.21270913935615,23.21522154809836,0.95
39.4,847.0,23.112559078866504,23.110617381195283,0.95
38.9,669.0,26.84031375509608,27.12699795842572,0.95
38.3,250.0,23.63662383417803,23.45504067519316,0.95
37.2,56.0,24.760049955797044,24.765338266590906,0.3
35.6,69.0,27.740613151707777,29.174307279248094,0.1
34.4,0.0,25.811321343940342,25.791693122102977,0.1
29.4,0.0,27.291301060908893,27.340461908168216,0.05
28.9,0.0,23.49307441234906,23.37855896961304,0.05
28.9,0.0,23.537172176991447,23.53831215046937,0.05
26.7,0.0,22.37778652122491,22.32694893013183,0.05
25.6,0.0,23.319738957707177,23.35148050457732,0.0
24.4,0.0,24.186155504091847,24.228722712255667,0.0
22.8,0.0,23.46597243873427,23.41608387421397,0.0
23.3,0.0,22.754667810497757,22.709620270056444,0.0
24.4,0.0,22.92525842338563,22.965086968804805,0.0
23.9,0.0,25.152267000124613,25.68623014426181,0.0
24.4,16.0,23.743696772614012,23.65066974724634,0.1
25.6,66.0,24.755748474824458,24.914158888384605,0.2
28.9,114.0,25.99439591615044,26.027338166838856,0.95
31.1,578.0,27.421134537721493,27.523158629034924,0.95
31.1,649.0,23.10578364038414,22.31449711872879,0.95
33.3,692.0,26.27062190029327,28.39528319127234,0.95
35.6,884.0,27.01780394787104,27.023203115927263,0.5
36.7,909.0,22.936421358486932,22.65407225559097,0.95
36.7,888.0,26.739377272307216,28.988628992854217,0.95
37.2,818.0,28.43540549093308,29.366979204254505,0.95
37.8,749.0,24.10896307704005,22.48862367883891,0.95
36.7,678.0,24.215441400966984,24.21502118517763,0.3
35.0,375.0,27.270492320451694,28.44961023834449,0.1
33.3,0.0,27.97801235186302,27.986077523069262,0.1
32.2,0.0,23.67414978205628,23.476168154851017,0.05
31.1,0.0,23.67545902621433,23.67479458669368,0.05
28.9,0.0,24.94054390507091,24.963776822331056,0.05
27.8,0.0,25.85407135770645,25.87618388152817,0.05
27.2,0.0,26.90325443060447,26.946038172242368,0.0
26.7,0.0,25.04794623645018,24.95130911655818,0.0
25.6,0.0,25.65882652834041,25.700277729065185,0.0
25.6,0.0,26.905236111384504,27.97976750507005,0.0
25.0,0.0,22.52494440871217,22.29346562312478,0.0
24.4,0.0,23.940557645995955,24.019495554752165,0.0
25.6,392.0,25.86994813622145,27.70679668707642,0.1
28.3,654.0,26.6870803545436,29.1616547014976,0.2
30.6,819.0,26.096231314696777,26.093419536925328,0.95
32.8,842.0,26.256438277004296,26.25690788212253,0.95
33.9,648.0,23.063819180566732,22.85737609071821,0.95
35.0,739.0,25.52281924818802,25.57929893458764,0.95
36.7,659.0,26.253168054881385,26.260938131640184,0.5
37.8,546.0,23.978772533365813,23.93976402907784,0.95
37.2,249.0,24.09503534623216,24.153945847595047,0.95
27.8,17.0,25.004283021753253,25.01827330483698,0.95
25.6,5.0,22.4930270340978,22.16056958222181,0.95
27.2,44.0,24.53574334165668,24.576633324665423,0.3
26.7,26.0,23.704440868013428,23.69158405597236,0.1
24.4,0.0,24.59523459587269,24.61997881742332,0.1
23.9,0.0,22.97923688094886,22.95809705455401,0.05
23.9,0.0,25.58427071356658,29.12421824591916,0.05
22.8,0.0,26.552915785135845,26.74873962843239,0.05
23.3,0.0,26.804259866657627,27.43281855315592,0.05
22.8,0.0,26.871197307581497,28.313369908858707,0.0
22.8,0.0,26.0743789814598,25.987537591432456,0.0
22.8,0.0,22.82781856589546,22.69536230469939,0.0
23.3,0.0,25.022131689139893,26.296852334548383,0.0
22.2,0.0,25.73163562676621,26.694728944167032,0.0
22.2,0.0,26.010605636793976,27.96351579347464,0.0
23.9,155.0,25.53679080721488,25.45327636983744,0.1
25.6,548.0,23.12304649385387,23.02064242236451,0.1
26.7,666.0,24.256955833236592,24.270207246389795,0.3
27.8,153.0,24.89764439934641,24.90465837118908,0.3
29.4,262.0,26.623002720793195,27.16733793065281,0.3
30.6,268.0,26.564295976388863,26.566226437351297,0.3
32.2,365.0,24.86206964933687,24.84877380718277,0.1
34.4,573.0,27.07552964469498,29.89212199034384,0.1
34.4,552.0,26.846106544468423,26.846198554855096,0.1
35.0,811.0,24.054435495865107,23.89781433388796,0.1
35.6,763.0,22.96082695096737,22.81425978096323,0.1
35.0,541.0,23.21485676047235,23.22287311347465,0.0
33.9,247.0,23.962419519162445,23.967661827076064,0.0
32.8,0.0,23.288733002413416,23.285450986076444,0.0
31.7,0.0,23.49099893146867,23.492536192410448,0.0
29.4,0.0,24.270219448701464,24.280761349550776,0.0
28.9,0.0,23.403009963093936,23.38698876235804,0.0
27.2,0.0,25.753790090011577,29.1741233970114,0.0
23.9,0.0,22.70053811806524,22.64186996529314,0.0
23.9,0.0,25.074994271952637,26.19609111656204,0.0
24.4,0.0,25.253999831878915,25.283174615917293,0.0
23.9,0.0,26.27715557766102,29.859028935268853,0.0
23.3,0.0,22.9549619662997,22.89631121734442,0.0
23.3,0.0,24.93283391364315,25.18284479236593,0.0
23.9,142.0,25.69026163011169,29.75576346620295,0.0
25.0,55.0,26.091852723390964,28.92405700715184,0.0
26.7,209.0,26.38251049632314,28.53657656759424,0.0
27.8,399.0,24.08315016016969,24.06322261635952,0.0
30.6,430.0,23.369386438752137,23.367100699120527,0.0
32.8,534.0,25.8069677244138,27.349145759395448,0.0
34.4,592.0,26.91351737455865,29.435007913020687,0.0
34.4,78.0,26.45779243520668,26.45410314411144,0.0
27.8,189.0,26.569952088348412,26.5729015157592,0.0
28.9,1.0,24.25759599084713,24.23983274928227,0.0
29.4,114.0,26.427005673767347,28.155943465535493,0.0
30.0,56.0,23.574450021516963,23.49634998846019,0.0
28.9,145.0,24.545792861534668,24.58943389123395,0.0
27.2,0.0,25.386514546708057,25.40349150893133,0.0
27.2,0.0,26.051380365830585,26.06088302947564,0.0
26.7,0.0,24.00285936702243,23.93927785932064,0.0
22.8,0.0,22.983293495348804,22.91869459791363,0.0
21.7,0.0,25.197585310496933,26.88496033953306,0.0
21.7,0.0,24.34680029174192,24.30904442592205,0.0
21.7,0.0,25.72787861077065,26.649905771380897,0.0
21.7,0.0,23.320233452687017,23.23490172219362,0.0
21.7,0.0,25.03995139854456,25.84912081483854,0.0
21.1,0.0,25.635830029533476,26.260715460412687,0.0
21.1,0.0,22.50530210083822,22.414588294579417,0.0
23.3,39.0,24.452293815741243,24.69283422555137,0.1
23.3,8.0,23.11281112036816,23.0753174155118,0.2
25.6,0.0,22.51535596298519,22.50699976378214,0.95
25.0,3.0,25.46490786630975,29.919681859119564,0.95
25.6,104.0,24.591635430538,24.578830759797786,0.95
27.8,337.0,26.89173436008376,28.47899556683708,0.95
27.2,413.0,24.127913002843417,24.03712523811011,0.5
28.9,293.0,26.74408422095251,27.45202177779144,0.95
31.1,326.0,27.925497280130983,28.08182287911749,0.95
32.2,526.0,26.77546171247374,26.76510992486276,0.95
31.1,190.0,25.93520348269456,25.772609508401267,0.95
28.9,251.0,25.298879179517847,25.29472731317815,0.3
27.2,154.0,24.793828770752004,24.79094613234396,0.1
26.7,0.0,26.945489111256904,29.43623315398261,0.1
25.6,0.0,27.328675518030558,28.644955262301835,0.05
25.6,0.0,27.4864364863843,29.720215285332102,0.05
25.0,0.0,23.168711587956103,22.99437778788436,0.05
24.4,0.0,25.604355055442216,27.846939801629155,0.05
